case,static,opt_static,dynamic,opt_dynamic,mem_static,stack_static,mem_dynamic,stack_dynamic,max_frame,callee_saves,calls,result
args8,38,33,38,33,10,10,10,10,48,1,2,0x00000024
arrays_escape,37,34,37,34,16,4,16,4,48,2,3,0x0000000a
calls,37,34,43,38,14,14,14,14,32,2,5,0x00000011
control,30,28,79,77,6,6,6,6,32,3,2,0x00000005
leaf,20,16,20,16,2,2,2,2,32,1,2,0x00000020
locals,26,24,26,24,8,8,8,8,32,3,2,0x0000001f
opt_patterns,117,101,128,111,38,37,41,39,48,4,9,0x00000041
pressure,52,47,52,47,18,18,18,18,32,1,2,0x00000029
recursive,32,29,1046,979,8,8,336,336,32,3,4,0x00000015
volatile,26,24,26,24,8,4,8,4,32,1,2,0x00000005
wide,32,26,32,26,2,2,2,2,32,1,2,0x00000041
